﻿<?xml version="1.0" encoding="utf-8" standalone="yes"?>
<FILE>
  <PRODUCTLINE>SIMS</PRODUCTLINE>
  <NAME>3.62.198 to 3.63.999 20496 Patch.ZIP</NAME>
  <PATCHID>20496</PATCHID>
  <RUNONCE>No</RUNONCE>
  <COMMENT>PRB9791-delete duplicate exam candidate records ,delete it from sims.exam_candidate_special_arrangements as well to resolve the REFERENCE constraint .error</COMMENT>
  <INFOURL>www.capitasolus.co.uk</INFOURL>
  <SIZE>1636</SIZE>
  <CRITICAL>No</CRITICAL>
  <MISPATCHNAME>Patch 20496 [198-999]</MISPATCHNAME>
</FILE>